category,product_revenue_brl,order_item_count
health_beauty,1233131.72,9465
watches_gifts,1166176.98,5859
bed_bath_table,1023434.76,10953
sports_leisure,954852.55,8431
computers_accessories,888724.61,7644
furniture_decor,711927.69,8160
housewares,615628.69,6795
cool_stuff,610204.1,3718
auto,578966.65,4140
toys,471286.48,4030
garden_tools,470495.28,4268
baby,400421.84,2982
perfumery,390144.65,3340
telephony,309860.23,4430
office_furniture,268154.31,1668
stationery,223788.69,2466
computers,218684.14,199
pet_shop,211695.64,1924
musical_instruments,184315.74,651
small_appliances,182754.12,658
Unknown,175967.21,1559
electronics,155043.93,2729
fashion_bags_accessories,149329.39,1985
consoles_games,148003.37,1089
construction_tools_construction,142108.49,916
luggage_accessories,138701.63,1077
home_appliances_2,107953.95,231
home_construction,81407.57,596
home_appliances,78832.48,754
agro_industry_and_commerce,70566.1,206
furniture_living_room,67350.7,495
home_confort,58008.45,429
fixed_telephony,55315.21,255
air_conditioning,53323.56,289
audio,50570.6,362
small_appliances_home_oven_and_coffee,46589.56,73
kitchen_dining_laundry_garden_furniture,45531.98,274
books_general_interest,45302.15,537
construction_tools_lights,39957.0,301
construction_tools_safety,38773.22,183
industry_commerce_and_business,38498.81,265
food,28731.15,499
market_place,27795.77,305
costruction_tools_garden,25096.28,232
art,23657.3,197
fashion_shoes,23001.46,257
drinks,21529.84,361
signaling_and_security,21315.05,197
furniture_bedroom,19051.8,103
books_technical,18702.23,263
costruction_tools_tools,15903.95,103
food_drink,14942.88,269
fashion_male_clothing,10452.33,125
fashion_underwear_beach,9305.95,127
christmas_supplies,8737.84,150
tablets_printing_image,7528.41,83
cine_photo,6674.47,70
music,6034.35,38
dvds_blu_ray,4542.59,61
party_supplies,4465.19,42
books_imported,4418.86,57
furniture_mattress_and_upholstery,4323.38,37
fashio_female_clothing,2634.94,45
fashion_sport,2094.52,29
la_cuisine,2054.99,14
arts_and_craftmanship,1814.01,24
diapers_and_hygiene,1500.79,37
flowers,1110.04,33
home_comfort_2,760.27,30
cds_dvds_musicals,730.0,14
fashion_childrens_clothes,519.95,7
security_and_services,283.29,2
